{"cameraMode":{"drawMode":0,"name":"Shaded","section":"Shading Mode"},"sceneLighting":true,"audioPlay":false,"sceneViewState":{"showFog":true,"showMaterialUpdate":false,"showSkybox":true,"showFlares":true,"showImageEffects":true,"showParticleSystems":true,"showVisualEffectGraphs":true,"m_FxEnabled":true},"in2DMode":false,"pivot":{"x":10.888737678527832,"y":0.4650478661060333,"z":-1.6289267539978028},"rotation":{"x":0.058636438101530078,"y":-0.8856071829795837,"z":0.11652606725692749,"w":0.4459306299686432},"size":1.847050666809082,"orthographic":false}