{"cameraMode":{"drawMode":0,"name":"Shaded","section":"Shading Mode"},"sceneLighting":true,"audioPlay":false,"sceneViewState":{"showFog":true,"showMaterialUpdate":false,"showSkybox":true,"showFlares":true,"showImageEffects":true,"showParticleSystems":true,"showVisualEffectGraphs":true,"m_FxEnabled":true},"in2DMode":false,"pivot":{"x":2.762572765350342,"y":0.8905880451202393,"z":1.7529016733169556},"rotation":{"x":-0.0017701077740639449,"y":-0.7558345198631287,"z":-0.0020270724780857565,"w":0.6548876166343689},"size":4.920104503631592,"orthographic":false}