{"cameraMode":{"drawMode":0,"name":"Shaded","section":"Shading Mode"},"sceneLighting":false,"audioPlay":false,"sceneViewState":{"showFog":true,"showMaterialUpdate":false,"showSkybox":false,"showFlares":true,"showImageEffects":true,"showParticleSystems":true,"showVisualEffectGraphs":true,"m_FxEnabled":true},"in2DMode":false,"pivot":{"x":0.12289828062057495,"y":0.8264498710632324,"z":1.3220579624176026},"rotation":{"x":0.0464123897254467,"y":-0.6892135739326477,"z":-0.04428758844733238,"w":-0.7218554019927979},"size":2.0595765113830568,"orthographic":false}